"position","const","created","modified","description","Title","Title type","Directors","saikatmukherjee-91 rated","IMDb Rating","Runtime (mins)","Year","Genres","Num. Votes","Release Date (month/day/year)","URL"
"1","tt0468569","Thu May 10 06:56:26 2012","Thu May 10 06:56:26 2012","","The Dark Knight","Feature Film","Christopher Nolan","9","9.0","152","2008","action, crime, drama, thriller","1045611","2008-07-14","http://www.imdb.com/title/tt0468569/"
"2","tt1375666","Thu May 10 06:56:43 2012","Thu May 10 06:56:43 2012","","Inception","Feature Film","Christopher Nolan","","8.8","148","2010","action, adventure, mystery, sci_fi, thriller","845321","2010-07-08","http://www.imdb.com/title/tt1375666/"
"3","tt0111161","Thu May 10 06:56:59 2012","Thu May 10 06:56:59 2012","","The Shawshank Redemption","Feature Film","Frank Darabont","","9.3","142","1994","crime, drama","1072373","1994-09-10","http://www.imdb.com/title/tt0111161/"
"4","tt0278504","Thu May 10 06:57:20 2012","Thu May 10 06:57:20 2012","","Insomnia","Feature Film","Christopher Nolan","","7.2","118","2002","crime, mystery, thriller","158038","2002-05-03","http://www.imdb.com/title/tt0278504/"
"5","tt0482571","Thu May 10 06:57:31 2012","Thu May 10 06:57:31 2012","","The Prestige","Feature Film","Christopher Nolan","8","8.4","130","2006","drama, mystery, thriller","498201","2006-10-17","http://www.imdb.com/title/tt0482571/"
"6","tt0372784","Thu May 10 06:57:46 2012","Thu May 10 06:57:46 2012","","Batman Begins","Feature Film","Christopher Nolan","","8.3","140","2005","action, adventure, crime, drama","605118","2005-06-10","http://www.imdb.com/title/tt0372784/"
"7","tt0167261","Thu May 10 06:57:59 2012","Thu May 10 06:57:59 2012","","The Lord of the Rings: The Two Towers","Feature Film","Peter Jackson","","8.7","179","2002","action, adventure, fantasy","681229","2002-12-05","http://www.imdb.com/title/tt0167261/"
"8","tt0120737","Thu May 10 06:58:14 2012","Thu May 10 06:58:14 2012","","The Lord of the Rings: The Fellowship of the Ring","Feature Film","Peter Jackson","","8.8","178","2001","action, adventure, fantasy","785284","2001-12-10","http://www.imdb.com/title/tt0120737/"
"9","tt0167260","Thu May 10 06:58:42 2012","Thu May 10 06:58:42 2012","","The Lord of the Rings: The Return of the King","Feature Film","Peter Jackson","","8.9","201","2003","action, adventure, fantasy","758682","2003-12-01","http://www.imdb.com/title/tt0167260/"
"10","tt1229238","Thu May 10 06:58:59 2012","Thu May 10 06:58:59 2012","","Mission: Impossible - Ghost Protocol","Feature Film","Brad Bird","","7.3","133","2011","action, thriller","239839","2011-12-07","http://www.imdb.com/title/tt1229238/"
"11","tt0317919","Thu May 10 06:59:12 2012","Thu May 10 06:59:12 2012","","Mission: Impossible III","Feature Film","J.J. Abrams","","6.8","126","2006","action, adventure, thriller","172424","2006-04-24","http://www.imdb.com/title/tt0317919/"
"12","tt0120755","Thu May 10 06:59:24 2012","Thu May 10 06:59:24 2012","","Mission: Impossible II","Feature Film","John Woo","","5.9","123","2000","action, adventure, thriller","167885","2000-05-24","http://www.imdb.com/title/tt0120755/"
"13","tt0232500","Thu May 10 06:59:57 2012","Thu May 10 06:59:57 2012","","The Fast and the Furious","Feature Film","Rob Cohen","","6.4","106","2001","action, crime, thriller","173553","2001-06-18","http://www.imdb.com/title/tt0232500/"
"14","tt1596343","Thu May 10 07:00:04 2012","Thu May 10 07:00:04 2012","","Fast Five","Feature Film","Justin Lin","","7.2","130","2011","action, crime, thriller","189078","2011-04-15","http://www.imdb.com/title/tt1596343/"
"15","tt1013752","Thu May 10 07:00:15 2012","Thu May 10 07:00:15 2012","","Fast & Furious","Feature Film","Justin Lin","","6.5","107","2009","action, crime, drama, thriller","121801","2009-03-12","http://www.imdb.com/title/tt1013752/"
"16","tt0463985","Thu May 10 07:00:25 2012","Thu May 10 07:00:25 2012","","The Fast and the Furious: Tokyo Drift","Feature Film","Justin Lin","","5.7","104","2006","action, crime, drama, thriller","103362","2006-06-04","http://www.imdb.com/title/tt0463985/"
"17","tt0144084","Thu May 10 07:00:47 2012","Thu May 10 07:00:47 2012","","American Psycho","Feature Film","Mary Harron","","7.5","102","2000","crime, drama","238957","2000-01-21","http://www.imdb.com/title/tt0144084/"
"18","tt0209144","Thu May 10 07:00:55 2012","Thu May 10 07:00:55 2012","","Memento","Feature Film","Christopher Nolan","","8.6","113","2000","mystery, thriller","557578","2000-09-05","http://www.imdb.com/title/tt0209144/"
"19","tt0169547","Thu May 10 07:01:07 2012","Thu May 10 07:01:07 2012","","American Beauty","Feature Film","Sam Mendes","","8.5","122","1999","drama","555958","1999-09-08","http://www.imdb.com/title/tt0169547/"
"20","tt0425061","Thu May 10 07:01:44 2012","Thu May 10 07:01:44 2012","","Get Smart","Feature Film","Peter Segal","","6.5","110","2008","action, comedy, thriller","131137","2008-06-19","http://www.imdb.com/title/tt0425061/"
"21","tt0758752","Thu May 10 07:02:00 2012","Thu May 10 07:02:00 2012","","Love & Other Drugs","Feature Film","Edward Zwick","","6.6","112","2010","comedy, drama, romance","93924","2010-11-04","http://www.imdb.com/title/tt0758752/"
"22","tt0163651","Thu May 10 07:02:12 2012","Thu May 10 07:02:12 2012","","American Pie","Feature Film","Paul Weitz","","6.9","95","1999","comedy, romance","237787","1999-07-09","http://www.imdb.com/title/tt0163651/"
"23","tt0252866","Thu May 10 07:02:23 2012","Thu May 10 07:02:23 2012","","American Pie 2","Feature Film","J.B. Rogers","","6.2","108","2001","comedy, romance","149120","2001-08-06","http://www.imdb.com/title/tt0252866/"
"24","tt0328828","Thu May 10 07:02:31 2012","Thu May 10 07:02:31 2012","","American Wedding","Feature Film","Jesse Dylan","","6.1","96","2003","comedy, romance","121052","2003-07-24","http://www.imdb.com/title/tt0328828/"
"25","tt0436058","Thu May 10 07:02:47 2012","Thu May 10 07:02:47 2012","","American Pie Presents Band Camp","Video","Steve Rash","","4.8","87","2005","comedy","38772","2005-10-31","http://www.imdb.com/title/tt0436058/"
"26","tt0808146","Thu May 10 07:03:12 2012","Thu May 10 07:03:12 2012","","American Pie Presents The Naked Mile","Video","Joe Nussbaum","","4.9","97","2006","comedy","34699","2006-12-07","http://www.imdb.com/title/tt0808146/"
"27","tt0974959","Thu May 10 07:03:24 2012","Thu May 10 07:03:24 2012","","American Pie Presents Beta House","Video","Andrew Waller","","5.1","88","2007","comedy","33545","2007-12-10","http://www.imdb.com/title/tt0974959/"
"28","tt1190080","Thu May 10 07:03:53 2012","Thu May 10 07:03:53 2012","","2012","Feature Film","Roland Emmerich","","5.7","158","2009","action, adventure, sci_fi","197211","2009-11-11","http://www.imdb.com/title/tt1190080/"
"29","tt0319262","Thu May 10 07:04:04 2012","Thu May 10 07:04:04 2012","","The Day After Tomorrow","Feature Film","Roland Emmerich","","6.3","124","2004","action, adventure, sci_fi, thriller","227827","2004-05-17","http://www.imdb.com/title/tt0319262/"
"30","tt0116629","Thu May 10 07:04:28 2012","Thu May 10 07:04:28 2012","","Independence Day","Feature Film","Roland Emmerich","","6.8","145","1996","action, sci_fi","306812","1996-06-25","http://www.imdb.com/title/tt0116629/"
"31","tt0381061","Thu May 10 07:05:00 2012","Thu May 10 07:05:00 2012","","Casino Royale","Feature Film","Martin Campbell","","7.9","144","2006","action, crime, thriller","324504","2006-11-14","http://www.imdb.com/title/tt0381061/"
"32","tt1323045","Thu May 10 07:05:14 2012","Thu May 10 07:05:14 2012","","Frozen","Feature Film","Adam Green","","6.2","93","2010","drama, thriller","37724","2010-01-24","http://www.imdb.com/title/tt1323045/"
"33","tt0963794","Thu May 10 07:05:21 2012","Thu May 10 07:05:21 2012","","The Ruins","Feature Film","Carter Smith","","5.8","90","2008","horror, thriller","49502","2008-04-02","http://www.imdb.com/title/tt0963794/"
"34","tt0499549","Thu May 10 07:06:24 2012","Thu May 10 07:06:24 2012","","Avatar","Feature Film","James Cameron","","7.9","162","2009","action, adventure, fantasy, sci_fi","619225","2009-12-10","http://www.imdb.com/title/tt0499549/"
"35","tt0317248","Thu May 10 07:06:43 2012","Thu May 10 07:06:43 2012","","City of God","Feature Film","Fernando Meirelles, Kátia Lund","8","8.7","130","2002","crime, drama","350020","2002-05-18","http://www.imdb.com/title/tt0317248/"
"36","tt0200465","Thu May 10 07:06:51 2012","Thu May 10 07:06:51 2012","","The Bank Job","Feature Film","Roger Donaldson","","7.2","111","2008","crime, drama, thriller","120604","2008-02-19","http://www.imdb.com/title/tt0200465/"
"37","tt1448755","Thu May 10 07:07:00 2012","Thu May 10 07:07:00 2012","","Killer Elite","Feature Film","Gary McKendry","","6.4","116","2011","action, crime, thriller","76974","2011-09-10","http://www.imdb.com/title/tt1448755/"
"38","tt0212985","Thu May 10 07:07:22 2012","Thu May 10 07:07:22 2012","","Hannibal","Feature Film","Ridley Scott","","6.6","131","2001","crime, drama, thriller","157837","2001-02-09","http://www.imdb.com/title/tt0212985/"
"39","tt0440963","Thu May 10 07:08:49 2012","Thu May 10 07:08:49 2012","","The Bourne Ultimatum","Feature Film","Paul Greengrass","8","8.1","115","2007","action, crime, thriller","322254","2007-07-25","http://www.imdb.com/title/tt0440963/"
"40","tt0258463","Thu May 10 07:08:57 2012","Thu May 10 07:08:57 2012","","The Bourne Identity","Feature Film","Doug Liman","","7.9","119","2002","action, mystery, thriller","278140","2002-06-06","http://www.imdb.com/title/tt0258463/"
"41","tt0372183","Thu May 10 07:09:04 2012","Thu May 10 07:09:04 2012","","The Bourne Supremacy","Feature Film","Paul Greengrass","","7.7","108","2004","action, crime, thriller","235799","2004-07-15","http://www.imdb.com/title/tt0372183/"
"42","tt0257076","Thu May 10 07:10:04 2012","Thu May 10 07:10:04 2012","","S.W.A.T.","Feature Film","Clark Johnson","","5.9","117","2003","action, crime, thriller","95083","2003-08-08","http://www.imdb.com/title/tt0257076/"
"43","tt1014759","Thu May 10 07:10:36 2012","Thu May 10 07:10:36 2012","","Alice in Wonderland","Feature Film","Tim Burton","8","6.5","108","2010","adventure, family, fantasy","212071","2010-03-03","http://www.imdb.com/title/tt1014759/"
"44","tt0418279","Thu May 10 07:10:58 2012","Thu May 10 07:10:58 2012","","Transformers","Feature Film","Michael Bay","","7.1","144","2007","action, adventure, sci_fi, thriller","376676","2007-06-12","http://www.imdb.com/title/tt0418279/"
"45","tt1399103","Thu May 10 07:11:07 2012","Thu May 10 07:11:07 2012","","Transformers: Dark of the Moon","Feature Film","Michael Bay","","6.3","154","2011","action, adventure, sci_fi","223517","2011-06-23","http://www.imdb.com/title/tt1399103/"
"46","tt1055369","Thu May 10 07:11:26 2012","Thu May 10 07:11:26 2012","","Transformers: Revenge of the Fallen","Feature Film","Michael Bay","","5.9","150","2009","action, adventure, sci_fi, thriller","226005","2009-06-19","http://www.imdb.com/title/tt1055369/"
"47","tt0133093","Thu May 10 07:11:34 2012","Thu May 10 07:11:34 2012","","The Matrix","Feature Film","The Wachowski Brothers, The Wachowski Brothers","","8.7","136","1999","action, adventure, sci_fi","770811","1999-03-31","http://www.imdb.com/title/tt0133093/"
"48","tt0234215","Thu May 10 07:11:58 2012","Thu May 10 07:11:58 2012","","The Matrix Reloaded","Feature Film","The Wachowski Brothers, The Wachowski Brothers","","7.1","138","2003","action, sci_fi","308778","2003-05-07","http://www.imdb.com/title/tt0234215/"
"49","tt0242653","Thu May 10 07:12:10 2012","Thu May 10 07:12:10 2012","","The Matrix Revolutions","Feature Film","The Wachowski Brothers, The Wachowski Brothers","","6.6","129","2003","action, adventure, sci_fi","268201","2003-10-27","http://www.imdb.com/title/tt0242653/"
"50","tt1285016","Thu May 10 07:12:20 2012","Thu May 10 07:12:20 2012","","The Social Network","Feature Film","David Fincher","","7.8","120","2010","biography, drama","311645","2010-09-24","http://www.imdb.com/title/tt1285016/"
"51","tt0126029","Thu May 10 07:12:45 2012","Thu May 10 07:12:45 2012","","Shrek","Feature Film","Andrew Adamson, Vicky Jenson","","7.9","90","2001","animation, adventure, comedy, family, fantasy","321614","2001-04-22","http://www.imdb.com/title/tt0126029/"
"52","tt0298148","Thu May 10 07:12:52 2012","Thu May 10 07:12:52 2012","","Shrek 2","Feature Film","Andrew Adamson, Kelly Asbury","","7.2","93","2004","animation, adventure, comedy, family, fantasy","211787","2004-05-15","http://www.imdb.com/title/tt0298148/"
"53","tt0435761","Thu May 10 07:13:09 2012","Thu May 10 07:13:09 2012","","Toy Story 3","Feature Film","Lee Unkrich","","8.4","103","2010","animation, adventure, comedy, family, fantasy","321121","2010-06-12","http://www.imdb.com/title/tt0435761/"
"54","tt1570728","Thu May 10 07:13:23 2012","Thu May 10 07:13:23 2012","","Crazy, Stupid, Love.","Feature Film","Glenn Ficarra, John Requa","","7.4","118","2011","comedy, drama, romance","239133","2011-07-28","http://www.imdb.com/title/tt1570728/"
"55","tt0391198","Thu May 10 07:13:34 2012","Thu May 10 07:13:34 2012","","The Grudge","Feature Film","Takashi Shimizu","","5.7","92","2004","horror, mystery, thriller","82435","2004-10-22","http://www.imdb.com/title/tt0391198/"
"56","tt0433386","Thu May 10 07:13:41 2012","Thu May 10 07:13:41 2012","","The Grudge 2","Feature Film","Takashi Shimizu","","4.7","102","2006","horror, thriller","29237","2006-10-12","http://www.imdb.com/title/tt0433386/"
"57","tt1053859","Thu May 10 07:13:49 2012","Thu May 10 07:13:49 2012","","The Grudge 3","Feature Film","Toby Wilkins","","4.5","90","2009","horror, mystery","8291","2009-05-12","http://www.imdb.com/title/tt1053859/"
"58","tt0404203","Thu May 10 07:14:26 2012","Thu May 10 07:14:26 2012","","Little Children","Feature Film","Todd Field","","7.6","136","2006","drama","75147","2006-09-01","http://www.imdb.com/title/tt0404203/"
"59","tt0298130","Thu May 10 07:14:44 2012","Thu May 10 07:14:44 2012","","The Ring","Feature Film","Gore Verbinski","","7.1","115","2002","horror, mystery, thriller","173929","2002-10-02","http://www.imdb.com/title/tt0298130/"
"60","tt0332280","Thu May 10 07:14:55 2012","Thu May 10 07:14:55 2012","","The Notebook","Feature Film","Nick Cassavetes","","7.9","123","2004","drama, romance","259878","2004-05-20","http://www.imdb.com/title/tt0332280/"
"61","tt1622979","Thu May 10 07:15:07 2012","Thu May 10 07:15:07 2012","","Final Destination 5","Feature Film","Steven Quale","","5.8","92","2011","horror, mystery","59233","2011-08-04","http://www.imdb.com/title/tt1622979/"
"62","tt0461936","Thu May 10 07:15:31 2012","Thu May 10 07:15:31 2012","","Don","Feature Film","Farhan Akhtar","","6.9","171","2006","action, comedy, crime, mystery, romance, thriller","11981","2006-10-20","http://www.imdb.com/title/tt0461936/"
"63","tt1708532","Thu May 10 07:15:56 2012","Thu May 10 07:15:56 2012","","Ready","Feature Film","Anees Bazmee","","4.5","","2011","comedy, romance","5253","2011-06-02","http://www.imdb.com/title/tt1708532/"
"64","tt1166100","Thu May 10 07:16:07 2012","Thu May 10 07:16:07 2012","","Ghajini","Feature Film","A.R. Murugadoss","","7.0","183","2008","action, drama, mystery, romance, thriller","15149","2008-12-24","http://www.imdb.com/title/tt1166100/"
"65","tt0405508","Thu May 10 07:16:16 2012","Thu May 10 07:16:16 2012","","Rang De Basanti","Feature Film","Rakesh Omprakash Mehra","8","8.2","157","2006","drama, history","28349","2006-01-26","http://www.imdb.com/title/tt0405508/"
"66","tt2319889","Thu May 10 07:16:37 2012","Thu May 10 07:16:37 2012","","Jannat 2","Feature Film","Kunal Deshmukh","","5.8","","2012","crime, drama, thriller","2299","2012-05-03","http://www.imdb.com/title/tt2319889/"
"67","tt0325980","Thu May 10 07:16:48 2012","Thu May 10 07:16:48 2012","","Pirates of the Caribbean: The Curse of the Black Pearl","Feature Film","Gore Verbinski","","8.0","143","2003","action, adventure, fantasy","519795","2003-06-28","http://www.imdb.com/title/tt0325980/"
"68","tt0383574","Thu May 10 07:16:59 2012","Thu May 10 07:16:59 2012","","Pirates of the Caribbean: Dead Man's Chest","Feature Film","Gore Verbinski","","7.2","151","2006","action, adventure, fantasy","347558","2006-06-24","http://www.imdb.com/title/tt0383574/"
"69","tt0449088","Thu May 10 07:17:11 2012","Thu May 10 07:17:11 2012","","Pirates of the Caribbean: At World's End","Feature Film","Gore Verbinski","","7.0","169","2007","action, adventure, fantasy","315104","2007-05-19","http://www.imdb.com/title/tt0449088/"
"70","tt1298650","Thu May 10 07:17:29 2012","Thu May 10 07:17:29 2012","","Pirates of the Caribbean: On Stranger Tides","Feature Film","Rob Marshall","","6.6","136","2011","action, adventure, fantasy","233273","2011-05-07","http://www.imdb.com/title/tt1298650/"
"71","tt0360717","Thu May 10 07:18:00 2012","Thu May 10 07:18:00 2012","","King Kong","Feature Film","Peter Jackson","","7.3","187","2005","action, adventure, drama, romance","242198","2005-12-05","http://www.imdb.com/title/tt0360717/"
"72","tt1032755","Thu May 10 07:18:50 2012","Thu May 10 07:18:50 2012","","RocknRolla","Feature Film","Guy Ritchie","","7.2","114","2008","action, crime, thriller","144585","2008-09-04","http://www.imdb.com/title/tt1032755/"
"73","tt1706317","Thu May 10 07:19:07 2012","Thu May 10 07:19:07 2012","","Tezz","Feature Film","Priyadarshan","","3.7","","2012","action, drama","1045","2012-04-25","http://www.imdb.com/title/tt1706317/"
"74","tt0790686","Thu May 10 07:19:58 2012","Thu May 10 07:19:58 2012","","Mirrors","Feature Film","Alexandre Aja","","6.0","110","2008","horror, mystery, thriller","64413","2008-08-14","http://www.imdb.com/title/tt0790686/"
"75","tt0161081","Thu May 10 07:20:14 2012","Thu May 10 07:20:14 2012","","What Lies Beneath","Feature Film","Robert Zemeckis","","6.5","130","2000","drama, horror, mystery, thriller","79981","2000-07-21","http://www.imdb.com/title/tt0161081/"
"76","tt0371746","Thu May 10 07:20:37 2012","Thu May 10 07:20:37 2012","","Iron Man","Feature Film","Jon Favreau","","7.9","126","2008","action, adventure, sci_fi","435041","2008-04-14","http://www.imdb.com/title/tt0371746/"
"77","tt0254455","Thu May 10 07:20:44 2012","Thu May 10 07:20:44 2012","","Sex and Lucia","Feature Film","Julio Medem","","7.2","128","2001","drama, romance","23417","2001-08-24","http://www.imdb.com/title/tt0254455/"
"78","tt1263750","Thu May 10 07:20:59 2012","Thu May 10 07:20:59 2012","","Room in Rome","Feature Film","Julio Medem","","6.0","109","2010","drama, romance","10530","2010-04-24","http://www.imdb.com/title/tt1263750/"
"79","tt0230600","Thu May 10 07:23:30 2012","Thu May 10 07:23:30 2012","","The Others","Feature Film","Alejandro Amenábar","","7.6","101","2001","drama, horror, mystery, thriller","197571","2001-08-02","http://www.imdb.com/title/tt0230600/"
"80","tt0435625","Thu May 10 07:23:44 2012","Thu May 10 07:23:44 2012","","The Descent","Feature Film","Neil Marshall","","7.2","99","2005","adventure, horror","110844","2005-03-11","http://www.imdb.com/title/tt0435625/"
"81","tt0162661","Thu May 10 07:23:51 2012","Thu May 10 07:23:51 2012","","Sleepy Hollow","Feature Film","Tim Burton","7","7.4","105","1999","adventure, mystery","199926","1999-11-17","http://www.imdb.com/title/tt0162661/"
"82","tt1130884","Thu May 10 07:24:01 2012","Thu May 10 07:24:01 2012","","Shutter Island","Feature Film","Martin Scorsese","","8.0","138","2010","drama, mystery, thriller","436372","2010-02-13","http://www.imdb.com/title/tt1130884/"
"83","tt0452702","Thu May 10 07:24:21 2012","Thu May 10 07:24:21 2012","","Vacancy","Feature Film","Nimród Antal","5","6.2","85","2007","horror, thriller","63552","2007-04-20","http://www.imdb.com/title/tt0452702/"
"84","tt0384537","Thu May 10 07:24:28 2012","Thu May 10 07:24:28 2012","","Silent Hill","Feature Film","Christophe Gans","","6.5","125","2006","horror, mystery","126434","2006-04-21","http://www.imdb.com/title/tt0384537/"
"85","tt0397065","Thu May 10 07:24:35 2012","Thu May 10 07:24:35 2012","","House of Wax","Feature Film","Jaume Collet-Serra","3","5.2","113","2005","horror, thriller","70660","2005-04-26","http://www.imdb.com/title/tt0397065/"
"86","tt1411238","Thu May 10 07:25:09 2012","Thu May 10 07:25:09 2012","","No Strings Attached","Feature Film","Ivan Reitman","","6.1","108","2011","comedy, romance","108576","2011-01-11","http://www.imdb.com/title/tt1411238/"
"87","tt0472043","Thu May 10 07:25:16 2012","Thu May 10 07:25:16 2012","","Apocalypto","Feature Film","Mel Gibson","6","7.7","139","2006","action, adventure, drama, thriller","182686","2006-12-08","http://www.imdb.com/title/tt0472043/"
"88","tt0387575","Thu May 10 07:25:27 2012","Thu May 10 07:25:27 2012","","Seed of Chucky","Feature Film","Don Mancini","1","4.9","87","2004","comedy, horror, thriller","20809","2004-11-12","http://www.imdb.com/title/tt0387575/"
"89","tt0455967","Thu May 10 07:25:52 2012","Thu May 10 07:25:52 2012","","John Tucker Must Die","Feature Film","Betty Thomas","5","5.5","89","2006","comedy, romance","45739","2006-07-27","http://www.imdb.com/title/tt0455967/"
"90","tt1060277","Thu May 10 07:26:16 2012","Thu May 10 07:26:16 2012","","Cloverfield","Feature Film","Matt Reeves","8","7.1","85","2008","action, sci_fi, thriller","224378","2008-01-16","http://www.imdb.com/title/tt1060277/"
"91","tt1687901","Thu May 10 07:26:31 2012","Thu May 10 07:26:31 2012","","The Awakening","Feature Film","Nick Murphy","","6.4","107","2011","horror, thriller","28504","2011-09-16","http://www.imdb.com/title/tt1687901/"
"92","tt1934231","Thu May 10 07:27:07 2012","Thu May 10 07:27:07 2012","","Delhi Belly","Feature Film","Abhinay Deo, Akshat Verma","","7.4","103","2011","comedy, crime, drama","11474","2011-06-30","http://www.imdb.com/title/tt1934231/"
"93","tt0448157","Thu May 10 07:27:23 2012","Thu May 10 07:27:23 2012","","Hancock","Feature Film","Peter Berg","8","6.4","92","2008","action, fantasy","218239","2008-06-16","http://www.imdb.com/title/tt0448157/"
"94","tt1571222","Thu May 10 07:27:37 2012","Thu May 10 07:27:37 2012","","A Dangerous Method","Feature Film","David Cronenberg","","6.4","99","2011","biography, drama, thriller","56453","2011-09-02","http://www.imdb.com/title/tt1571222/"
"95","tt0450278","Thu May 10 07:28:07 2012","Thu May 10 07:28:07 2012","","Hostel","Feature Film","Eli Roth","","5.8","94","2005","horror","107786","2005-09-17","http://www.imdb.com/title/tt0450278/"
"96","tt0498353","Thu May 10 07:28:14 2012","Thu May 10 07:28:14 2012","","Hostel: Part II","Feature Film","Eli Roth","","5.3","93","2007","horror","54202","2007-06-07","http://www.imdb.com/title/tt0498353/"
"97","tt0396171","Thu May 10 07:29:19 2012","Thu May 10 07:29:19 2012","","Perfume: The Story of a Murderer","Feature Film","Tom Tykwer","","7.5","147","2006","crime, drama, fantasy","138427","2006-09-07","http://www.imdb.com/title/tt0396171/"
"98","tt0455407","Thu May 10 07:29:26 2012","Thu May 10 07:29:26 2012","","The Crazies","Feature Film","Breck Eisner","","6.5","101","2010","horror, mystery, thriller","70954","2010-02-23","http://www.imdb.com/title/tt0455407/"
"99","tt1038988","Thu May 10 07:29:43 2012","Thu May 10 07:29:43 2012","","[Rec]","Feature Film","Jaume Balagueró, Paco Plaza","","7.5","78","2007","horror, mystery","93971","2007-08-29","http://www.imdb.com/title/tt1038988/"
"100","tt1985981","Thu May 10 07:30:10 2012","Thu May 10 07:30:10 2012","","Desi Boyz","Feature Film","Rohit Dhawan","","5.4","","2011","comedy, drama","3903","2011-11-24","http://www.imdb.com/title/tt1985981/"
"101","tt0356150","Thu May 10 07:30:37 2012","Thu May 10 07:30:37 2012","","EuroTrip","Feature Film","Jeff Schaffer","","6.5","93","2004","adventure, comedy","121201","2004-02-20","http://www.imdb.com/title/tt0356150/"
"102","tt1002623","Thu May 10 07:30:49 2012","Thu May 10 07:30:49 2012","","Laila","Feature Film","Vicky G.","","4.3","119","2005","crime","22","2005-04-01","http://www.imdb.com/title/tt1002623/"
"103","tt0477347","Thu May 10 07:34:15 2012","Thu May 10 07:34:15 2012","","Night at the Museum","Feature Film","Shawn Levy","","6.3","108","2006","action, adventure, comedy, family, fantasy","149457","2006-12-17","http://www.imdb.com/title/tt0477347/"
"104","tt0758746","Thu May 10 10:59:40 2012","Thu May 10 10:59:40 2012","","Friday the 13th","Feature Film","Marcus Nispel","6","5.4","97","2009","horror","55701","2009-02-09","http://www.imdb.com/title/tt0758746/"
"105","tt1562871","Fri May 11 03:47:40 2012","Fri May 11 03:47:40 2012","","Ra.One","Feature Film","Anubhav Sinha","","4.6","156","2011","action, adventure, sci_fi","18611","2011-10-24","http://www.imdb.com/title/tt1562871/"
"106","tt2317337","Fri May 11 08:13:05 2012","Fri May 11 08:13:05 2012","","Vicky Donor","Feature Film","Shoojit Sircar","9","7.7","126","2012","comedy, romance","12540","2012-04-19","http://www.imdb.com/title/tt2317337/"
"107","tt0848228","Fri May 11 08:13:16 2012","Fri May 11 08:13:16 2012","","The Avengers","Feature Film","Joss Whedon","","8.2","143","2012","action, fantasy","568333","2012-04-11","http://www.imdb.com/title/tt0848228/"
"108","tt1270798","Fri May 11 08:13:30 2012","Fri May 11 08:13:30 2012","","X-Men: First Class","Feature Film","Matthew Vaughn","","7.8","132","2011","action, adventure, sci_fi","308650","2011-05-25","http://www.imdb.com/title/tt1270798/"
"109","tt1535467","Fri May 11 08:13:51 2012","Fri May 11 08:13:51 2012","","Patiala House","Feature Film","Nikhil Advani","","5.4","140","2011","comedy, drama, sport","2206","2011-02-10","http://www.imdb.com/title/tt1535467/"
"110","tt0822854","Sat May 12 04:11:08 2012","Sat May 12 04:11:08 2012","","Shooter","Feature Film","Antoine Fuqua","","7.1","124","2007","action, crime, drama, mystery, thriller","175069","2007-03-08","http://www.imdb.com/title/tt0822854/"
"111","tt0452702","Sat May 12 23:19:28 2012","Sat May 12 23:19:28 2012","","Vacancy","Feature Film","Nimród Antal","5","6.2","85","2007","horror, thriller","63552","2007-04-20","http://www.imdb.com/title/tt0452702/"
"112","tt0167404","Sat May 12 23:20:04 2012","Sat May 12 23:20:04 2012","","The Sixth Sense","Feature Film","M. Night Shyamalan","","8.2","107","1999","drama, mystery, thriller","476022","1999-08-02","http://www.imdb.com/title/tt0167404/"
"113","tt0120903","Sat May 12 23:20:25 2012","Sat May 12 23:20:25 2012","","X-Men","Feature Film","Bryan Singer","","7.4","104","2000","action, adventure, sci_fi","282291","2000-07-13","http://www.imdb.com/title/tt0120903/"
"114","tt0290334","Sat May 12 23:20:39 2012","Sat May 12 23:20:39 2012","","X2","Feature Film","Bryan Singer","","7.5","133","2003","action, adventure, sci_fi, thriller","260733","2003-04-24","http://www.imdb.com/title/tt0290334/"
"115","tt0376994","Sat May 12 23:21:04 2012","Sat May 12 23:21:04 2012","","X-Men: The Last Stand","Feature Film","Brett Ratner","","6.8","104","2006","action, adventure, sci_fi, thriller","245363","2006-05-22","http://www.imdb.com/title/tt0376994/"
"116","tt0408790","Sat May 12 23:21:27 2012","Sat May 12 23:21:27 2012","","Flightplan","Feature Film","Robert Schwentke","","6.1","98","2005","drama, mystery, thriller","96948","2005-09-22","http://www.imdb.com/title/tt0408790/"
"117","tt0286106","Sat May 12 23:34:35 2012","Sat May 12 23:34:35 2012","","Signs","Feature Film","M. Night Shyamalan","","6.7","106","2002","drama, sci_fi, thriller","211519","2002-07-29","http://www.imdb.com/title/tt0286106/"
"118","tt0462482","Sat May 12 23:35:09 2012","Sat May 12 23:35:09 2012","","Population 436","Video","Michelle MacLaren","","5.8","92","2006","drama, horror, mystery, thriller","7308","2006-03-13","http://www.imdb.com/title/tt0462482/"
"119","tt1262416","Sat May 12 23:35:33 2012","Sat May 12 23:35:33 2012","","Scream 4","Feature Film","Wes Craven","","6.1","111","2011","horror, mystery","78327","2011-04-11","http://www.imdb.com/title/tt1262416/"
"120","tt0111161","Sun May 13 00:00:29 2012","Sun May 13 00:00:29 2012","","The Shawshank Redemption","Feature Film","Frank Darabont","","9.3","142","1994","crime, drama","1072373","1994-09-10","http://www.imdb.com/title/tt0111161/"
"121","tt1849718","Tue May 15 10:05:11 2012","Tue May 15 10:05:11 2012","","Agneepath","Feature Film","Karan Malhotra","","6.9","","2012","action, crime, drama","9156","2012-01-25","http://www.imdb.com/title/tt1849718/"
"122","tt1119646","Tue May 15 10:05:58 2012","Tue May 15 10:05:58 2012","","The Hangover","Feature Film","Todd Phillips","8","7.8","100","2009","comedy","394939","2009-05-30","http://www.imdb.com/title/tt1119646/"
"123","tt1318514","Tue May 15 10:18:40 2012","Tue May 15 10:18:40 2012","","Rise of the Planet of the Apes","Feature Film","Rupert Wyatt","","7.6","105","2011","action, drama, sci_fi, thriller","248093","2011-08-03","http://www.imdb.com/title/tt1318514/"
"124","tt1562872","Tue May 15 10:24:41 2012","Tue May 15 10:24:41 2012","","Zindagi Na Milegi Dobara","Feature Film","Zoya Akhtar","","7.8","155","2011","adventure, comedy, drama, family, romance","21489","2011-07-15","http://www.imdb.com/title/tt1562872/"
"125","tt0871510","Wed May 16 03:20:19 2012","Wed May 16 03:20:19 2012","","Chakde! India","Feature Film","Shimit Amin","","7.9","153","2007","drama, family, sport","17046","2007-08-10","http://www.imdb.com/title/tt0871510/"
"126","tt1373156","Wed May 16 03:20:45 2012","Wed May 16 03:20:45 2012","","Karthik Calling Karthik","Feature Film","Vijay Lalwani","","6.9","135","2010","drama, romance, thriller","3759","2010-02-26","http://www.imdb.com/title/tt1373156/"
"127","tt1395054","Wed May 16 03:21:16 2012","Wed May 16 03:21:16 2012","","Once Upon a Time in Mumbai","Feature Film","Milan Luthria","","7.1","134","2010","crime, drama, romance","5192","2010-07-30","http://www.imdb.com/title/tt1395054/"
"128","tt0367110","Wed May 16 03:22:59 2012","Wed May 16 03:22:59 2012","","Swades","Feature Film","Ashutosh Gowariker","","8.0","210","2004","drama","22209","2004-12-17","http://www.imdb.com/title/tt0367110/"
"129","tt1152836","Wed May 16 03:24:29 2012","Wed May 16 03:24:29 2012","","Public Enemies","Feature Film","Michael Mann","","7.0","140","2009","biography, crime, drama, history","169651","2009-06-18","http://www.imdb.com/title/tt1152836/"
"130","tt0120663","Wed May 16 03:24:47 2012","Wed May 16 03:24:47 2012","","Eyes Wide Shut","Feature Film","Stanley Kubrick","","7.2","159","1999","drama, mystery, thriller","168797","1999-07-13","http://www.imdb.com/title/tt0120663/"
"131","tt0986264","Wed May 16 23:52:24 2012","Wed May 16 23:52:24 2012","","Like Stars on Earth","Feature Film","Aamir Khan","9","8.3","165","2007","drama","38025","2007-12-21","http://www.imdb.com/title/tt0986264/"
"132","tt0218922","Wed May 16 23:52:37 2012","Wed May 16 23:52:37 2012","","Original Sin","Feature Film","Michael Cristofer","","5.7","116","2001","drama, mystery, romance","34449","2001-07-11","http://www.imdb.com/title/tt0218922/"
"133","tt0418832","Wed May 16 23:53:05 2012","Wed May 16 23:53:05 2012","","Lie with Me","Feature Film","Clement Virgo","","5.4","93","2005","drama, romance","8259","2005-09-10","http://www.imdb.com/title/tt0418832/"
"134","tt0120338","Fri May 18 06:32:50 2012","Fri May 18 06:32:50 2012","","Titanic","Feature Film","James Cameron","","7.6","194","1997","drama, romance","517594","1997-11-01","http://www.imdb.com/title/tt0120338/"
"135","tt0465494","Fri May 18 06:32:57 2012","Fri May 18 06:32:57 2012","","Hitman","Feature Film","Xavier Gens","","6.2","89","2007","action, crime, drama, thriller","105999","2007-11-21","http://www.imdb.com/title/tt0465494/"
"136","tt0120616","Fri May 18 06:33:15 2012","Fri May 18 06:33:15 2012","","The Mummy","Feature Film","Stephen Sommers","","6.9","125","1999","action, adventure, fantasy","229393","1999-04-16","http://www.imdb.com/title/tt0120616/"
"137","tt0209163","Fri May 18 06:33:24 2012","Fri May 18 06:33:24 2012","","The Mummy Returns","Feature Film","Stephen Sommers","","6.2","130","2001","action, adventure, fantasy","180831","2001-04-29","http://www.imdb.com/title/tt0209163/"
"138","tt0382625","Fri May 18 06:34:09 2012","Fri May 18 06:34:09 2012","","The Da Vinci Code","Feature Film","Ron Howard","","6.4","149","2006","mystery, thriller","222620","2006-05-17","http://www.imdb.com/title/tt0382625/"
"139","tt0120912","Fri May 18 06:34:21 2012","Fri May 18 06:34:21 2012","","Men in Black II","Feature Film","Barry Sonnenfeld","","5.9","88","2002","action, comedy, sci_fi","175964","2002-07-03","http://www.imdb.com/title/tt0120912/"
"140","tt0983193","Fri May 18 06:39:25 2012","Fri May 18 06:39:25 2012","","The Adventures of Tintin","Feature Film","Steven Spielberg","","7.3","107","2011","animation, action, adventure, family, mystery","129058","2011-10-23","http://www.imdb.com/title/tt0983193/"
"141","tt0266543","Fri May 18 06:39:33 2012","Fri May 18 06:39:33 2012","","Finding Nemo","Feature Film","Andrew Stanton, Lee Unkrich","","8.1","100","2003","animation, adventure, comedy, family","406810","2003-05-30","http://www.imdb.com/title/tt0266543/"
"142","tt1954206","Fri May 18 06:40:15 2012","Fri May 18 06:40:15 2012","","The Dirty Picture","Feature Film","Milan Luthria","","6.7","144","2011","biography, comedy, drama","4410","2011-12-02","http://www.imdb.com/title/tt1954206/"
"143","tt1411697","Fri May 18 06:40:24 2012","Fri May 18 06:40:24 2012","","The Hangover Part II","Feature Film","Todd Phillips","7","6.4","102","2011","comedy","248219","2011-05-25","http://www.imdb.com/title/tt1411697/"
"144","tt1918965","Fri May 18 06:40:32 2012","Fri May 18 06:40:32 2012","","Murder 2","Feature Film","Mohit Suri","","5.6","127","2011","action, crime, drama, thriller","2888","2011-07-07","http://www.imdb.com/title/tt1918965/"
"145","tt0414982","Fri May 18 06:41:14 2012","Fri May 18 06:41:14 2012","","Final Destination 3","Feature Film","James Wong","","5.7","93","2006","horror, mystery","74265","2006-02-09","http://www.imdb.com/title/tt0414982/"
"146","tt0309593","Fri May 18 06:48:30 2012","Fri May 18 06:48:30 2012","","Final Destination 2","Feature Film","David R. Ellis","","6.2","90","2003","horror, mystery","88414","2003-01-30","http://www.imdb.com/title/tt0309593/"
"147","tt0195714","Fri May 18 06:48:39 2012","Fri May 18 06:48:39 2012","","Final Destination","Feature Film","James Wong","","6.7","98","2000","horror, mystery","129672","2000-03-16","http://www.imdb.com/title/tt0195714/"
"148","tt1620719","Fri May 18 06:49:12 2012","Fri May 18 06:49:12 2012","","Dabangg","Feature Film","Abhinav Singh Kashyap","","6.2","126","2010","action, comedy, crime, romance, thriller","10787","2010-09-10","http://www.imdb.com/title/tt1620719/"
"149","tt1017456","Fri May 18 06:49:22 2012","Fri May 18 06:49:22 2012","","Race","Feature Film","Abbas-Mastan, Abbas-Mastan","","6.2","149","2008","action, crime, drama, thriller","5305","2008-03-20","http://www.imdb.com/title/tt1017456/"
"150","tt1328634","Fri May 18 06:49:33 2012","Fri May 18 06:49:33 2012","","New York","Feature Film","Kabir Khan","","6.5","153","2009","crime, drama, thriller","4692","2009-06-26","http://www.imdb.com/title/tt1328634/"
"151","tt1179781","Fri May 18 06:49:53 2012","Fri May 18 06:49:53 2012","","Mission Istaanbul: Darr Ke Aagey Jeet Hai!","Feature Film","Apoorva Lakhia","","3.1","","2008","action, adventure, drama, mystery, thriller","604","2008-07-25","http://www.imdb.com/title/tt1179781/"
"152","tt0081505","Fri May 18 08:08:38 2012","Fri May 18 08:08:38 2012","","The Shining","Feature Film","Stanley Kubrick","","8.5","146","1980","horror, mystery","380369","1980-05-23","http://www.imdb.com/title/tt0081505/"
"153","tt0070047","Fri May 18 08:08:52 2012","Fri May 18 08:08:52 2012","","The Exorcist","Feature Film","William Friedkin","","8.0","122","1973","horror","214074","1973-06-19","http://www.imdb.com/title/tt0070047/"
"154","tt0407887","Mon May 21 04:51:01 2012","Mon May 21 04:51:01 2012","","The Departed","Feature Film","Martin Scorsese","","8.5","151","2006","crime, drama, thriller","540925","2006-09-26","http://www.imdb.com/title/tt0407887/"
"155","tt0114369","Mon May 21 04:51:11 2012","Mon May 21 04:51:11 2012","","Se7en","Feature Film","David Fincher","","8.7","127","1995","crime, mystery, thriller","625854","1995-09-22","http://www.imdb.com/title/tt0114369/"
"156","tt0070047","Mon May 21 04:51:41 2012","Mon May 21 04:51:41 2012","","The Exorcist","Feature Film","William Friedkin","","8.0","122","1973","horror","214074","1973-06-19","http://www.imdb.com/title/tt0070047/"
"157","tt0087800","Mon May 21 04:52:25 2012","Mon May 21 04:52:25 2012","","A Nightmare on Elm Street","Feature Film","Wes Craven","","7.5","91","1984","horror","100178","1984-10","http://www.imdb.com/title/tt0087800/"
"158","tt0102926","Sun May 27 23:41:23 2012","Sun May 27 23:41:23 2012","","The Silence of the Lambs","Feature Film","Jonathan Demme","","8.7","118","1991","crime, drama, thriller","527703","1991-01-30","http://www.imdb.com/title/tt0102926/"
"159","tt1136608","Sun May 27 23:42:03 2012","Sun May 27 23:42:03 2012","","District 9","Feature Film","Neill Blomkamp","","8.0","112","2009","action, sci_fi, thriller","388723","2009-08-13","http://www.imdb.com/title/tt1136608/"
"160","tt0443649","Sun May 27 23:42:11 2012","Sun May 27 23:42:11 2012","","10,000 BC","Feature Film","Roland Emmerich","","4.9","109","2008","action, adventure, drama, fantasy, sci_fi","86425","2008-02-22","http://www.imdb.com/title/tt0443649/"
"161","tt1320253","Sun May 27 23:42:20 2012","Sun May 27 23:42:20 2012","","The Expendables","Feature Film","Sylvester Stallone","1","6.4","103","2010","action, adventure, thriller","183141","2010-08-03","http://www.imdb.com/title/tt1320253/"
